{"cameraMode":{"drawMode":0,"name":"Shaded","section":"Shading Mode"},"sceneLighting":true,"audioPlay":false,"sceneViewState":{"m_AlwaysRefresh":false,"showFog":true,"showSkybox":false,"showFlares":true,"showImageEffects":true,"showParticleSystems":true,"showVisualEffectGraphs":true,"m_FxEnabled":true},"in2DMode":false,"pivot":{"x":7.068204879760742,"y":4.826966762542725,"z":-1.3965692520141602},"rotation":{"x":0.09699299931526184,"y":0.03283916786313057,"z":-0.003202520776540041,"w":0.9947419166564941},"size":387.64996337890627,"orthographic":true}